"id","date_created","date_deleted","date_updated","name","country_id"
"","17-Sep-2021 13:20:28","","","Kemer",""
"","17-Sep-2021 13:20:28","","","Florida",""
"","17-Sep-2021 13:20:28","","","Sharm",""
"","17-Sep-2021 13:20:28","","","Paris",""
"","17-Sep-2021 13:20:28","","","Antaliya",""
"","17-Sep-2021 13:20:28","","","Chernivtsi",""
"","17-Sep-2021 13:20:29","","","Kenyattashire",""
"","17-Sep-2021 13:20:29","","","Luciostad",""
"","17-Sep-2021 13:20:29","","","Schimmelside",""
"","17-Sep-2021 13:20:29","","","Julitown",""
"","17-Sep-2021 13:20:29","","","Tremblayport",""
"","17-Sep-2021 13:20:29","","","Kuhnfurt",""
"","17-Sep-2021 13:20:29","","","Port Wallaceside",""
"","17-Sep-2021 13:20:29","","","Lake Juan",""
"","17-Sep-2021 13:20:29","","","Port Dainaport",""
"","17-Sep-2021 13:20:29","","","Santinastad",""
"","17-Sep-2021 13:20:29","","","West Rupertshire",""
"","17-Sep-2021 13:20:29","","","Sengerview",""
"","17-Sep-2021 13:20:29","","","Raynorfort",""
"","17-Sep-2021 13:20:29","","","Port Liane",""
"","17-Sep-2021 13:20:29","","","Langshire",""
"","17-Sep-2021 13:20:29","","","Jeroldton",""
"","17-Sep-2021 13:20:29","","","South Vernell",""
"","17-Sep-2021 13:20:29","","","West Sook",""
"","17-Sep-2021 13:20:29","","","Starkborough",""
"","17-Sep-2021 13:20:29","","","Huelton",""
"","17-Sep-2021 13:20:29","","","West Danburgh",""
"","17-Sep-2021 13:20:29","","","Rutherfordburgh",""
"","17-Sep-2021 13:20:29","","","Port Leahchester",""
"","17-Sep-2021 13:20:29","","","Rogahnville",""
"","17-Sep-2021 13:20:29","","","Port Brenton",""
"","17-Sep-2021 13:20:29","","","Grantberg",""
"","17-Sep-2021 13:20:29","","","Brendonfurt",""
"","17-Sep-2021 13:20:29","","","Leannonborough",""
"","17-Sep-2021 13:20:29","","","Carlosberg",""
"","17-Sep-2021 13:20:29","","","South Wendolyn",""
"","17-Sep-2021 13:20:29","","","West Annmariemouth",""
"","17-Sep-2021 13:20:29","","","Lake Alvaroburgh",""
"","17-Sep-2021 13:20:29","","","Cormierchester",""
"","17-Sep-2021 13:20:29","","","Gerlachmouth",""
"","17-Sep-2021 13:20:29","","","Tyrellbury",""
"","17-Sep-2021 13:20:29","","","Hollyberg",""
"","17-Sep-2021 13:20:29","","","New Candy",""
"","17-Sep-2021 13:20:29","","","Fritschbury",""
"","17-Sep-2021 13:20:29","","","South Normandland",""
"","17-Sep-2021 13:20:29","","","Boylebury",""
"","17-Sep-2021 13:20:29","","","East Santaville",""
"","17-Sep-2021 13:20:29","","","New Carminahaven",""
"","17-Sep-2021 13:20:29","","","Morarborough",""
"","17-Sep-2021 13:20:29","","","North Dustinport",""
"","17-Sep-2021 13:20:29","","","New Cheryl",""
"","17-Sep-2021 13:20:29","","","Port Tabithatown",""
"","17-Sep-2021 13:20:29","","","Nienowton",""
"","17-Sep-2021 13:20:29","","","Bashirianfort",""
"","17-Sep-2021 13:20:29","","","North Emmitt",""
"","17-Sep-2021 13:20:29","","","New Charlie",""
"","17-Sep-2021 13:20:29","","","East Collenefort",""
"","17-Sep-2021 13:20:29","","","Reynaldotown",""
"","17-Sep-2021 13:20:29","","","Lake Conniebury",""
"","17-Sep-2021 13:20:29","","","Pedroport",""
"","17-Sep-2021 13:20:29","","","West Demetriceville",""
"","17-Sep-2021 13:20:29","","","West Gavin",""
"","17-Sep-2021 13:20:29","","","D'Amoremouth",""
"","17-Sep-2021 13:20:29","","","Port Trudi",""
"","17-Sep-2021 13:20:29","","","South Elliotbury",""
"","17-Sep-2021 13:20:29","","","Rueckerfort",""
"","17-Sep-2021 13:20:29","","","Jorgeshire",""
"","17-Sep-2021 13:20:29","","","New Bryonfurt",""
"","17-Sep-2021 13:20:29","","","Hymanland",""
"","17-Sep-2021 13:20:29","","","Cartwrightberg",""
"","17-Sep-2021 13:20:29","","","Lake Nellburgh",""
"","17-Sep-2021 13:20:29","","","Lueilwitzmouth",""
"","17-Sep-2021 13:20:29","","","Shaynefort",""
"","17-Sep-2021 13:20:29","","","North Kentontown",""
"","17-Sep-2021 13:20:29","","","West Patricia",""
"","17-Sep-2021 13:20:29","","","Arleenport",""
"","17-Sep-2021 13:20:29","","","North Josefchester",""
"","17-Sep-2021 13:20:29","","","Cathiemouth",""
"","17-Sep-2021 13:20:29","","","North Remaburgh",""
"","17-Sep-2021 13:20:29","","","Mattview",""
"","17-Sep-2021 13:20:29","","","East Kellie",""
"","17-Sep-2021 13:20:29","","","Leifville",""
"","17-Sep-2021 13:20:29","","","East Royceburgh",""
"","17-Sep-2021 13:20:29","","","West Avelinashire",""
"","17-Sep-2021 13:20:29","","","O'Connellhaven",""
"","17-Sep-2021 13:20:29","","","Brucebury",""
"","17-Sep-2021 13:20:29","","","East Herb",""
"","17-Sep-2021 13:20:29","","","Lake Clair",""
"","17-Sep-2021 13:20:29","","","Kendahaven",""
"","17-Sep-2021 13:20:29","","","Kandichester",""
"","17-Sep-2021 13:20:29","","","Lesleyview",""
"","17-Sep-2021 13:20:29","","","Blockside",""
"","17-Sep-2021 13:20:29","","","Huelfurt",""
"","17-Sep-2021 13:20:29","","","New Lashonda",""
"","17-Sep-2021 13:20:29","","","Abbottstad",""
"","17-Sep-2021 13:20:29","","","New Cathleenborough",""
"","17-Sep-2021 13:20:29","","","Lake Lennyburgh",""
"","17-Sep-2021 13:20:29","","","Samuelstad",""
"","17-Sep-2021 13:20:29","","","Purdyhaven",""
"","17-Sep-2021 13:20:29","","","Durganhaven",""
"","17-Sep-2021 13:20:29","","","West Quentinfort",""
"","17-Sep-2021 13:20:29","","","East Chere",""
"","17-Sep-2021 13:20:29","","","South Sasha",""
"","17-Sep-2021 13:20:29","","","Toymouth",""
"","17-Sep-2021 13:20:29","","","Alberthaland",""
"","17-Sep-2021 13:20:29","","","Patrinaside",""
"","17-Sep-2021 13:20:29","","","Pacochastad",""
"","17-Sep-2021 13:20:29","","","East Maddie",""
"","17-Sep-2021 13:20:29","","","East Shannaborough",""
"","17-Sep-2021 13:20:29","","","East Cristopher",""
"","17-Sep-2021 13:20:29","","","Port Sheila",""
"","17-Sep-2021 13:20:29","","","Emanuelville",""
"","17-Sep-2021 13:20:29","","","Kingchester",""
"","17-Sep-2021 13:20:29","","","Heaneyfort",""
"","17-Sep-2021 13:20:29","","","Vanessaborough",""
"","17-Sep-2021 13:20:29","","","Torphyfurt",""
"","17-Sep-2021 13:20:29","","","New Luciusstad",""
"","17-Sep-2021 13:20:29","","","Feeneyland",""
"","17-Sep-2021 13:20:29","","","East Stewart",""
"","17-Sep-2021 13:20:29","","","Charlaborough",""
"","17-Sep-2021 13:20:29","","","North Donaldmouth",""
"","17-Sep-2021 13:20:29","","","Zachariahbury",""
"","17-Sep-2021 13:20:29","","","North Seema",""
"","17-Sep-2021 13:20:29","","","Hansenfurt",""
"","17-Sep-2021 13:20:29","","","Schinnerhaven",""
"","17-Sep-2021 13:20:29","","","West Yolandebury",""
"","17-Sep-2021 13:20:29","","","Amosside",""
"","17-Sep-2021 13:20:29","","","West Stephan",""
"","17-Sep-2021 13:20:29","","","North Annice",""
"","17-Sep-2021 13:20:29","","","New Ellenaside",""
"","17-Sep-2021 13:20:29","","","Altenwerthmouth",""
"","17-Sep-2021 13:20:29","","","Elroyberg",""
"","17-Sep-2021 13:20:29","","","South Haywood",""
"","17-Sep-2021 13:20:29","","","East Michalburgh",""
"","17-Sep-2021 13:20:29","","","Littleland",""
"","17-Sep-2021 13:20:29","","","Port Marielle",""
"","17-Sep-2021 13:20:29","","","South Warner",""
"","17-Sep-2021 13:20:29","","","Renahaven",""
"","17-Sep-2021 13:20:29","","","East Jackieview",""
"","17-Sep-2021 13:20:29","","","Stanfort",""
"","17-Sep-2021 13:20:29","","","Greenholtberg",""
"","17-Sep-2021 13:20:29","","","Morissetteshire",""
"","17-Sep-2021 13:20:29","","","East Tommie",""
"","17-Sep-2021 13:20:29","","","New Alexisburgh",""
"","17-Sep-2021 13:20:29","","","Lake Bethannberg",""
"","17-Sep-2021 13:20:29","","","East Brandon",""
"","17-Sep-2021 13:20:29","","","Kerlukefort",""
"","17-Sep-2021 13:20:29","","","Angelenaberg",""
"","17-Sep-2021 13:20:29","","","South Wallyburgh",""
"","17-Sep-2021 13:20:29","","","Cronaland",""
"","17-Sep-2021 13:20:29","","","Port Clarineland",""
"","17-Sep-2021 13:20:29","","","Hayesbury",""
"","17-Sep-2021 13:20:29","","","Stammberg",""
"","17-Sep-2021 13:20:29","","","Lake Alfred",""
"","17-Sep-2021 13:20:29","","","North Moniqueton",""
"","17-Sep-2021 13:20:29","","","New Estebanland",""
"","17-Sep-2021 13:20:29","","","Port Brantbury",""
"","17-Sep-2021 13:20:29","","","West Mayraville",""
"","17-Sep-2021 13:20:29","","","Lake Ollieville",""
"","17-Sep-2021 13:20:29","","","West Allanberg",""
"","17-Sep-2021 13:20:29","","","West Deandreside",""
"","17-Sep-2021 13:20:29","","","Towneside",""
"","17-Sep-2021 13:20:29","","","Stantonshire",""
"","17-Sep-2021 13:20:29","","","North Tristanfurt",""
"","17-Sep-2021 13:20:29","","","Nienowton",""
"","17-Sep-2021 13:20:29","","","New Lynetta",""
"","17-Sep-2021 13:20:29","","","North Sofia",""
"","17-Sep-2021 13:20:29","","","Emiliamouth",""
"","17-Sep-2021 13:20:29","","","East Ashleyport",""
"","17-Sep-2021 13:20:29","","","Marquardtburgh",""
"","17-Sep-2021 13:20:29","","","Lake Austin",""
"","17-Sep-2021 13:20:29","","","Carriebury",""
"","17-Sep-2021 13:20:29","","","Port Melbaport",""
"","17-Sep-2021 13:20:29","","","South Josephview",""
"","17-Sep-2021 13:20:29","","","Carrolmouth",""
"","17-Sep-2021 13:20:29","","","New Ryan",""
"","17-Sep-2021 13:20:29","","","Roychester",""
"","17-Sep-2021 13:20:29","","","Solberg",""
"","17-Sep-2021 13:20:29","","","Miquelfurt",""
"","17-Sep-2021 13:20:29","","","Port Roderickborough",""
"","17-Sep-2021 13:20:29","","","New Senaview",""
"","17-Sep-2021 13:20:29","","","Marlinport",""
"","17-Sep-2021 13:20:29","","","Port Dallastown",""
"","17-Sep-2021 13:20:29","","","Francoiseside",""
"","17-Sep-2021 13:20:29","","","West Ferne",""
"","17-Sep-2021 13:20:29","","","Batzberg",""
"","17-Sep-2021 13:20:29","","","East Harlanchester",""
"","17-Sep-2021 13:20:29","","","Lake Morabury",""
"","17-Sep-2021 13:20:29","","","Manteville",""
"","17-Sep-2021 13:20:29","","","East Hermelinda",""
"","17-Sep-2021 13:20:29","","","West Suzette",""
"","17-Sep-2021 13:20:29","","","Port Jodystad",""
"","17-Sep-2021 13:20:29","","","Yundtfurt",""
"","17-Sep-2021 13:20:29","","","Lindgrenville",""
"","17-Sep-2021 13:20:29","","","Merrimouth",""
"","17-Sep-2021 13:20:29","","","East Tuanview",""
"","17-Sep-2021 13:20:29","","","Cameronborough",""
"","17-Sep-2021 13:20:29","","","Georgeannahaven",""
"","17-Sep-2021 13:20:29","","","Kochland",""
"","17-Sep-2021 13:20:29","","","Port Samuelhaven",""
"","17-Sep-2021 13:20:29","","","North Ismaelton",""
"","17-Sep-2021 13:20:29","","","South Hope",""
"","17-Sep-2021 13:20:29","","","South Josueport",""
"","17-Sep-2021 13:20:29","","","North Jillian",""
"","17-Sep-2021 13:20:29","","","East Astrid",""
"","17-Sep-2021 13:20:29","","","New Emmanuelchester",""
