"Earline","FEMALE"
"Ellis","FEMALE"
"Lloyd","FEMALE"
"Ethelene","MALE"
"Alycia","MALE"
"Colton","FEMALE"
"Doug","FEMALE"
"Houston","MALE"
"Antonia","MALE"
"Charles","FEMALE"
"Davina","FEMALE"
"Shanti","MALE"
"Wallace","FEMALE"
"Juanita","MALE"
"Nathaniel","MALE"
"Hui","FEMALE"
"Frank","FEMALE"
"Lawrence","MALE"
"Emil","MALE"
"Maida","FEMALE"
"Javier","MALE"
"Mariano","FEMALE"
"Woodrow","MALE"
"Misha","MALE"
"Saran","FEMALE"
"Walton","FEMALE"
"Merlene","FEMALE"
"Delena","FEMALE"
"Carola","FEMALE"
"Oscar","FEMALE"
"Eusebia","FEMALE"
"Miles","FEMALE"
"Jonah","MALE"
"Judie","FEMALE"
"Glenn","FEMALE"
"Kenny","MALE"
"Filiberto","FEMALE"
"Meredith","MALE"
"Britt","FEMALE"
"Ramiro","MALE"
"Gayle","FEMALE"
"Stefany","FEMALE"
"Patsy","FEMALE"
"Therese","FEMALE"
"Felicidad","FEMALE"
"Jenell","FEMALE"
"Colin","MALE"
"Tanisha","MALE"
"Leontine","MALE"
"Joel","FEMALE"
"Kenneth","MALE"
"Boyce","MALE"
"Maryalice","MALE"
"Walker","FEMALE"
"Antonio","MALE"
"Odessa","FEMALE"
"Albert","MALE"
"Ellis","MALE"
"Dean","MALE"
"Jerlene","FEMALE"
"Aaron","FEMALE"
"Edmund","MALE"
"Van","FEMALE"
"Michael","FEMALE"
"Johnson","MALE"
"Duane","FEMALE"
"Fay","MALE"
"Garrett","FEMALE"
"Lilla","FEMALE"
"Louis","MALE"
"Laticia","MALE"
"Hiedi","MALE"
"Kenton","MALE"
"Marjory","MALE"
"Ezequiel","FEMALE"
"Jeromy","MALE"
"Maryetta","FEMALE"
"Willis","FEMALE"
"Darcel","FEMALE"
"Freeman","MALE"
"Liliana","MALE"
"Calvin","MALE"
"Rachal","FEMALE"
"Maynard","MALE"
"Arnold","FEMALE"
"Evelyne","MALE"
"Jonas","MALE"
"Susan","MALE"
"Fletcher","MALE"
"Zack","FEMALE"
"Javier","MALE"
"Darryl","FEMALE"
"Benny","MALE"
"Nelia","FEMALE"
"Sharen","FEMALE"
"Shayne","MALE"
"Kelly","FEMALE"
"Rudy","FEMALE"
"Larisa","MALE"
"Elvira","MALE"
"Katharine","FEMALE"
"Alden","FEMALE"
"Eusebio","FEMALE"
"Sonny","MALE"
"Leonardo","MALE"
"Clement","MALE"
"Enrique","FEMALE"
"Samual","MALE"
"Samuel","MALE"
"Merideth","FEMALE"
"Renda","MALE"
"Bryan","FEMALE"
"Charise","FEMALE"
"Cleveland","FEMALE"
"Ezequiel","FEMALE"
"Jolyn","FEMALE"
"Trinity","FEMALE"
"Norman","FEMALE"
"Fermin","FEMALE"
"Madeline","MALE"
"Maximo","MALE"
"Lavada","FEMALE"
"Mitchell","FEMALE"
"Carlos","MALE"
"Rory","FEMALE"
"Vincent","MALE"
"Virgil","MALE"
"Karl","FEMALE"
"Antoine","FEMALE"
"Bertie","MALE"
"Lashawnda","FEMALE"
"Ngan","MALE"
"Ariel","FEMALE"
"Lewis","FEMALE"
"Virgilio","MALE"
"Ariel","MALE"
"Darryl","FEMALE"
"Anastasia","MALE"
"Spring","MALE"
"Eusebio","MALE"
"Georgene","FEMALE"
"Georgeanna","FEMALE"
"Nerissa","MALE"
"Deandre","FEMALE"
"Caridad","MALE"
"Tracey","MALE"
"Darryl","FEMALE"
"Rodrigo","FEMALE"
"Karol","FEMALE"
"Terra","MALE"
"Huey","MALE"
"Jed","MALE"
"Monnie","FEMALE"
"Dannette","FEMALE"
"Devin","MALE"
"Devon","MALE"
"Pattie","MALE"
"Demetrius","MALE"
"Louella","FEMALE"
"Loreen","FEMALE"
"Evelynn","FEMALE"
"Ronny","MALE"
"Desire","FEMALE"
"Scott","MALE"
"Tyrell","FEMALE"
"Jerrold","FEMALE"
"Ahmed","MALE"
"Leandra","FEMALE"
"Gaynelle","FEMALE"
"Yong","FEMALE"
"Nerissa","FEMALE"
"Steven","FEMALE"
"Lupe","MALE"
"Nora","MALE"
"Tisa","FEMALE"
"Allen","FEMALE"
"Robt","MALE"
"Polly","FEMALE"
"Dana","FEMALE"
"Laci","FEMALE"
"Hal","MALE"
"Carl","FEMALE"
"Thaddeus","MALE"
"Val","MALE"
"Mindi","FEMALE"
"Amelia","FEMALE"
"Aiko","FEMALE"
"Marshall","FEMALE"
"Cary","FEMALE"
"Elli","FEMALE"
"Gayle","MALE"
"Melva","FEMALE"
"Alpha","MALE"
"Ron","FEMALE"
"Dorothea","FEMALE"
"Maxwell","FEMALE"
"Reginia","MALE"
"Peter","MALE"
"Marylin","FEMALE"
"Perry","MALE"
"Juli","MALE"
"Johna","FEMALE"
"Alex","FEMALE"
"Rene","FEMALE"
"Martine","MALE"
"Hui","FEMALE"
"Otilia","MALE"
"Freddie","MALE"
"Reita","MALE"
"Latesha","FEMALE"
"Dudley","MALE"
"Alexis","FEMALE"
"Renato","FEMALE"
"Rocco","MALE"
"Douglass","MALE"
"Kelvin","FEMALE"
"Elsy","FEMALE"
"Zulema","MALE"
"Petr","MALE"
"Vincent","MALE"
"Ariel","MALE"
"Santiago","MALE"
"Charlie","MALE"
"Natalie","FEMALE"
"Jolene","MALE"
"Wynell","MALE"
"Edna","FEMALE"
"Wilfred","FEMALE"
"Rodolfo","MALE"
"Kraig","FEMALE"
"Elouise","FEMALE"
"Erik","FEMALE"
"Charline","MALE"
"Lorie","FEMALE"
"Detra","FEMALE"
"Felecia","MALE"
"Jessie","FEMALE"
"Alonso","MALE"
"Andrew","MALE"
"Emile","MALE"
"Milan","FEMALE"
"Jospeh","FEMALE"
"Elton","FEMALE"
"Brendon","MALE"
"Kennith","MALE"
"Elenor","MALE"
"Nobuko","MALE"
"Lannie","MALE"
"Kirby","FEMALE"
"Dusty","MALE"
"Daphine","MALE"
"Clarisa","MALE"
"Deedee","MALE"
"Dulce","MALE"
"Shirlene","MALE"
"Jaquelyn","FEMALE"
"Benedict","FEMALE"
"Marcelino","MALE"
"Gene","FEMALE"
"Armandina","FEMALE"
"Val","FEMALE"
"Lee","MALE"
"Ty","FEMALE"
"Carline","FEMALE"
"Clifford","FEMALE"
"Cecil","FEMALE"
"Glendora","FEMALE"
"Tom","MALE"
"Twana","MALE"
"Douglas","MALE"
"Mckenzie","FEMALE"
"Jerrold","FEMALE"
"Jacinto","FEMALE"
"Tera","FEMALE"
"Granville","FEMALE"
"Tara","FEMALE"
"Marget","FEMALE"
"Milissa","MALE"
"Romeo","MALE"
"Sam","FEMALE"
"Lamont","FEMALE"
"Arlene","MALE"
"Dick","FEMALE"
"Chester","FEMALE"
"Royce","FEMALE"
"Scott","FEMALE"
"Brigid","MALE"
"Michel","MALE"
"Timmy","FEMALE"
"Wonda","FEMALE"
"Johnette","MALE"
"Joanne","FEMALE"
"Porsha","FEMALE"
"Javier","MALE"
"Cathleen","FEMALE"
"Kelley","MALE"
"Del","FEMALE"
"Elaina","FEMALE"
"Laverne","FEMALE"
"Eloy","FEMALE"
"Willy","MALE"
"Doug","FEMALE"
"Rocky","MALE"
"Valda","MALE"
"Jackqueline","FEMALE"
"Rachel","FEMALE"
"Lazaro","MALE"
"Della","MALE"
"Lloyd","FEMALE"
"Byron","FEMALE"
"Frida","FEMALE"
"Vernon","MALE"
"Melodie","FEMALE"
"Bernardina","MALE"
"Chance","FEMALE"
"Jeff","FEMALE"
"Theodora","FEMALE"
"An","MALE"
"Yuki","FEMALE"
"Graig","FEMALE"
"Corrina","MALE"
"Allan","FEMALE"
"Chieko","MALE"
"Suanne","FEMALE"
"Ike","MALE"
"Mitch","MALE"
"Zonia","FEMALE"
"Milissa","FEMALE"
"Leontine","MALE"
"Angella","MALE"
"Winford","MALE"
"Neda","MALE"
"Junior","MALE"
"Clyde","FEMALE"
"Princess","MALE"
"Adrianna","FEMALE"
"Dylan","MALE"
"Florance","MALE"
"Gloria","MALE"
"Tyron","MALE"
"Benton","MALE"
"Kathryne","MALE"
"Rocio","MALE"
"Marvella","MALE"
"Jc","MALE"
"Fernando","MALE"
"Garth","FEMALE"
"Chadwick","MALE"
"Angel","FEMALE"
"Kristopher","MALE"
"Branden","MALE"
"Ling","MALE"
"Shaniqua","MALE"
"Maurice","MALE"
"Greg","MALE"
"Ricky","FEMALE"
"Alejandra","MALE"
"Clarence","MALE"
"Corey","FEMALE"
"Greg","MALE"
"Earle","MALE"
"Evette","MALE"
"Johna","FEMALE"
"Sheryl","FEMALE"
"Eldon","FEMALE"
"Rose","FEMALE"
"Alyson","MALE"
"Marvis","FEMALE"
"Isreal","MALE"
"Wyatt","MALE"
"Hana","MALE"
"Marth","MALE"
"Gerry","FEMALE"
"Cleo","MALE"
"Columbus","MALE"
"Forest","FEMALE"
"Guy","MALE"
"Clair","MALE"
"Cedrick","FEMALE"
"Kiyoko","FEMALE"
"Lisha","MALE"
"Gayle","FEMALE"
"Janetta","FEMALE"
"Granville","MALE"
"Caitlyn","FEMALE"
"Fabiola","FEMALE"
"Noelia","MALE"
"Wynell","MALE"
"Lorriane","FEMALE"
"Kelvin","MALE"
"Ruben","FEMALE"
"Tatiana","FEMALE"
"Margaret","FEMALE"
"Marcel","MALE"
"Celina","MALE"
"Ligia","FEMALE"
"Augustus","FEMALE"
"Josephine","MALE"
"Cedric","MALE"
"Morgan","MALE"
"Byron","MALE"
"Malik","MALE"
"Charlesetta","FEMALE"
"Ines","FEMALE"
"Bette","FEMALE"
"Oscar","MALE"
"Ferdinand","MALE"
"Anastasia","MALE"
"Cruz","FEMALE"
"Edwardo","FEMALE"
"Federico","MALE"
"Eddy","FEMALE"
"Billi","FEMALE"
"Francesco","MALE"
"Dee","MALE"
"Lamar","FEMALE"
"Freddy","FEMALE"
"Randy","MALE"
"Morris","MALE"
"Sal","MALE"
"Nick","MALE"
"Danny","MALE"
"Debbi","MALE"
"Rochell","MALE"
"Dreama","MALE"
"Jimmy","FEMALE"
"Tamesha","FEMALE"
"Alan","MALE"
"Cristobal","FEMALE"
"Allan","MALE"
"Deshawn","FEMALE"
"Pricilla","FEMALE"
"Humberto","FEMALE"
"Christina","MALE"
"Consuelo","MALE"
"Sol","FEMALE"
"Lennie","MALE"
"Clair","FEMALE"
"Alease","MALE"
"Curt","MALE"
"Elna","MALE"
"Shaniqua","FEMALE"
"Ross","FEMALE"
"Windy","FEMALE"
"Edison","MALE"
"Walter","FEMALE"
"Rutha","FEMALE"
"Wilton","MALE"
"Judson","FEMALE"
"Mario","MALE"
"Ernesto","MALE"
"Russ","MALE"
"Darcel","FEMALE"
"Huong","FEMALE"
"Alvin","FEMALE"
"Martin","MALE"
"Erasmo","FEMALE"
"Derick","FEMALE"
"Armando","FEMALE"
"Moises","FEMALE"
"Corine","MALE"
"Christopher","FEMALE"
"Rosette","FEMALE"
"Abram","MALE"
"Chia","MALE"
"Hildegard","MALE"
"Myesha","FEMALE"
"Frankie","MALE"
"Bridgette","FEMALE"
"Vernita","FEMALE"
"Lorraine","FEMALE"
"Felisa","MALE"
"Leopoldo","FEMALE"
"Magda","FEMALE"
"Latonya","FEMALE"
"Dana","MALE"
"Geoffrey","MALE"
"Catheryn","FEMALE"
"Walker","FEMALE"
"Isidra","FEMALE"
"Kristian","MALE"
"Leandro","FEMALE"
"Alva","FEMALE"
"Anibal","FEMALE"
"Wyatt","FEMALE"
"Laquita","FEMALE"
"Alba","MALE"
"Salvatore","FEMALE"
"Randall","MALE"
"Audie","MALE"
"Nestor","FEMALE"
"Kathie","MALE"
"Adam","FEMALE"
"Graig","MALE"
"Huey","FEMALE"
"Tony","MALE"
"September","MALE"
"Gil","MALE"
"Will","MALE"
"Carley","MALE"
