"White","clla39@gmail.com"
"Upton","voec37@gmail.com"
"Thompson","fong54@gmail.com"
"Jenkins","tjpd38@gmail.com"
"O'Reilly","iozf50@gmail.com"
"Cartwright","gklo23@gmail.com"
"Pfeffer","fuip15@gmail.com"
"Beer","rysl88@gmail.com"
"Walsh","wjgg40@gmail.com"
"Dare","phaw39@gmail.com"
"Cummerata","iwua77@gmail.com"
"Gottlieb","ywwg23@gmail.com"
"Reynolds","rtti80@gmail.com"
"Stroman","wdqg28@gmail.com"
"Wuckert","ybyz27@gmail.com"
"Balistreri","zcnw97@gmail.com"
"Zemlak","zqqp76@gmail.com"
"Kemmer","kvxh17@gmail.com"
"Moore","ffbx03@gmail.com"
"Kirlin","skqh66@gmail.com"
"Rice","qyyh84@gmail.com"
"Franecki","rupu16@gmail.com"
"Hahn","fvie28@gmail.com"
"Durgan","qhqj13@gmail.com"
"Erdman","cxmu44@gmail.com"
"Leffler","vadh77@gmail.com"
"Breitenberg","gpbc51@gmail.com"
"Mitchell","zeij94@gmail.com"
"Jerde","vhvo15@gmail.com"
"Nicolas","giec75@gmail.com"
"Oberbrunner","mmbo61@gmail.com"
"Toy","yawy23@gmail.com"
"Heidenreich","xvzj29@gmail.com"
"West","fcre79@gmail.com"
"Berge","kbic50@gmail.com"
"Schmeler","lpdy56@gmail.com"
"Hartmann","hgdg09@gmail.com"
"Gleason","amjo30@gmail.com"
"Koch","wdmf86@gmail.com"
"Hegmann","wazq02@gmail.com"
"Bashirian","khtv84@gmail.com"
"Huel","zfwb03@gmail.com"
"McKenzie","dqei74@gmail.com"
"Wunsch","erhg39@gmail.com"
"McKenzie","xsiy45@gmail.com"
"Graham","zbta96@gmail.com"
"Funk","kvjw94@gmail.com"
"Considine","lese46@gmail.com"
"Kessler","wujq85@gmail.com"
"Wiegand","qnmj04@gmail.com"
"Homenick","wmks97@gmail.com"
"Zboncak","pulr68@gmail.com"
"Koepp","ieyu09@gmail.com"
"Labadie","vynl12@gmail.com"
"Green","uxxu44@gmail.com"
"Johnston","wyce73@gmail.com"
"Pollich","jcll55@gmail.com"
"Kulas","njpx61@gmail.com"
"Kreiger","hdaa14@gmail.com"
"Pagac","sbcf92@gmail.com"
"Gleichner","ossr22@gmail.com"
"O'Kon","tmrd44@gmail.com"
"Grant","emrj32@gmail.com"
"Labadie","nyip95@gmail.com"
"Schiller","iybh34@gmail.com"
"Mayert","aucj00@gmail.com"
"Borer","tbzf43@gmail.com"
"Boehm","zoqd13@gmail.com"
"Stiedemann","dpay92@gmail.com"
"Grimes","jnqv22@gmail.com"
"Franecki","btep75@gmail.com"
"Hickle","ntwf14@gmail.com"
"Gleason","jllb11@gmail.com"
"Wisoky","uzpl79@gmail.com"
"Feest","zqpu19@gmail.com"
"Schumm","tmtb73@gmail.com"
"Oberbrunner","bswy58@gmail.com"
"Schimmel","recc53@gmail.com"
"Sawayn","lpih80@gmail.com"
"Ferry","ulqc02@gmail.com"
"Brakus","qdns02@gmail.com"
"Simonis","bucg91@gmail.com"
"Abshire","gxeb54@gmail.com"
"Hayes","xvqu34@gmail.com"
"Jast","adac67@gmail.com"
"Considine","ayib64@gmail.com"
"Blick","iokd68@gmail.com"
"Hoppe","khac16@gmail.com"
"Wiegand","hxmp91@gmail.com"
"Corwin","psji14@gmail.com"
"MacGyver","ajer74@gmail.com"
"Conn","trsd59@gmail.com"
"Wisozk","mtmd00@gmail.com"
"Hintz","ovgs26@gmail.com"
"Shanahan","aflf26@gmail.com"
"Homenick","blzz77@gmail.com"
"Swaniawski","hlxe00@gmail.com"
"Runolfsson","yopa84@gmail.com"
"Zemlak","whes11@gmail.com"
"Bruen","cdrd68@gmail.com"
"Schaden","rmna45@gmail.com"
"Fisher","xffd75@gmail.com"
"Schmidt","svcf59@gmail.com"
"Blick","swcb86@gmail.com"
"Powlowski","truj43@gmail.com"
"Boyle","jexn76@gmail.com"
"Hermann","zxlw82@gmail.com"
"Deckow","bbze43@gmail.com"
"Hamill","gzrr20@gmail.com"
"Barton","eacu35@gmail.com"
"Feil","ktpn53@gmail.com"
"Treutel","khxv55@gmail.com"
"Deckow","joeu93@gmail.com"
"Waelchi","ybfw14@gmail.com"
"Pfeffer","skhl85@gmail.com"
"Gusikowski","rpcz65@gmail.com"
"Sporer","wqrn90@gmail.com"
"Satterfield","qqlb65@gmail.com"
"Lowe","obrt75@gmail.com"
"Kshlerin","ovgc25@gmail.com"
"Swift","aavx24@gmail.com"
"Treutel","jcav05@gmail.com"
"Frami","lnpj50@gmail.com"
"Ziemann","osxs37@gmail.com"
"Brekke","ufgm34@gmail.com"
"Blanda","aosi67@gmail.com"
"Mohr","vzxw12@gmail.com"
"Skiles","wmgg31@gmail.com"
"Jast","yzeg07@gmail.com"
"Lueilwitz","myhd64@gmail.com"
"Haag","frmp46@gmail.com"
"Ondricka","rrkz85@gmail.com"
"Cartwright","ulok23@gmail.com"
"Hamill","slel06@gmail.com"
"Anderson","hgmv41@gmail.com"
"Ernser","zmaa87@gmail.com"
"Rempel","hsek43@gmail.com"
"Koss","bail98@gmail.com"
"Spencer","icvc08@gmail.com"
"Ortiz","tvmr13@gmail.com"
"Harvey","buyj15@gmail.com"
"Hessel","tsns95@gmail.com"
"Willms","fefx75@gmail.com"
"Ankunding","dcam98@gmail.com"
"Nicolas","kyvk35@gmail.com"
"Schuppe","jjup80@gmail.com"
"Hilll","jxlc89@gmail.com"
"Gibson","rpwg34@gmail.com"
"Bartell","jocv29@gmail.com"
"Murphy","vkfo07@gmail.com"
"Hoppe","bbyp98@gmail.com"
"Smith","kuro60@gmail.com"
"Parisian","dejj58@gmail.com"
"Rogahn","vfxh59@gmail.com"
"Muller","vsaz33@gmail.com"
"Gulgowski","bclj10@gmail.com"
"Gerlach","pdoe28@gmail.com"
"Hermiston","gvwy54@gmail.com"
"Jacobs","oftj71@gmail.com"
"Orn","jhqm75@gmail.com"
"Kassulke","clkx78@gmail.com"
"Schmitt","tlwp96@gmail.com"
"D'Amore","eddq65@gmail.com"
"Murphy","zveh47@gmail.com"
"Bahringer","kpnb01@gmail.com"
"Oberbrunner","uccy42@gmail.com"
"Quigley","fqan88@gmail.com"
"Douglas","zwve91@gmail.com"
"Kilback","euft73@gmail.com"
"Hauck","aifh14@gmail.com"
"Spencer","thvf62@gmail.com"
"Gislason","ntqg17@gmail.com"
"Rosenbaum","jhug91@gmail.com"
"Rice","iqhq04@gmail.com"
"McCullough","baei97@gmail.com"
"Ruecker","vmxj73@gmail.com"
"White","huws69@gmail.com"
"Dicki","vwka53@gmail.com"
"Walker","nczv36@gmail.com"
"Lind","qvqf53@gmail.com"
"Hahn","spmv74@gmail.com"
"Towne","qbqo19@gmail.com"
"Braun","qhnq27@gmail.com"
"Haley","geja82@gmail.com"
"Petrov","petro@gmail.com"
"Karenina","anna@gmail.com"
"Wiegand","ljec90@gmail.com"
"Strosin","bbxa84@gmail.com"
"Schumm","pdur70@gmail.com"
"Muller","jwny61@gmail.com"
"Nader","tbzz74@gmail.com"
"Will","rutg32@gmail.com"
"Williamson","xvzr37@gmail.com"
"Spinka","ykwv63@gmail.com"
"Heller","cumk11@gmail.com"
"Okuneva","tftz79@gmail.com"
"Gleichner","wkpr78@gmail.com"
"Pollich","suas56@gmail.com"
"Konopelski","cqja53@gmail.com"
"Hermiston","vtcj86@gmail.com"
"Kozey","fvzj54@gmail.com"
"McLaughlin","fwsk97@gmail.com"
"Hagenes","zkmf92@gmail.com"
"Leffler","vkzg13@gmail.com"
"Sporer","uayz21@gmail.com"
"Huel","dibg95@gmail.com"
"Johnston","mavo88@gmail.com"
"Swift","ztgk18@gmail.com"
"Reynolds","ehed08@gmail.com"
"Wisoky","dhex20@gmail.com"
"Oberbrunner","opnt99@gmail.com"
"Hudson","ozry38@gmail.com"
"Ryan","nkfs92@gmail.com"
"Orn","iqux92@gmail.com"
"Schuppe","piph78@gmail.com"
"Reynolds","ubon82@gmail.com"
"Sporer","liaa16@gmail.com"
"Howell","esid10@gmail.com"
"Schiller","djsq87@gmail.com"
"Berge","qjzb74@gmail.com"
"Johnston","zmpd09@gmail.com"
"Leannon","bums78@gmail.com"
"Gleichner","aern00@gmail.com"
"Nolan","xxle61@gmail.com"
"Pfeffer","civx58@gmail.com"
"Kunze","cnvl92@gmail.com"
"Wehner","rvbl29@gmail.com"
"Pfannerstill","bwfb18@gmail.com"
"Veum","zoht59@gmail.com"
"Prosacco","vtio81@gmail.com"
"Swaniawski","civv60@gmail.com"
"Glover","xhwb97@gmail.com"
"Hoeger","bimk01@gmail.com"
"Pagac","dohi35@gmail.com"
"Hirthe","byjx58@gmail.com"
"Rogahn","hpdj19@gmail.com"
"McClure","vbat37@gmail.com"
"Schneider","jnse82@gmail.com"
"Fadel","elcv50@gmail.com"
"Simonis","iuvy54@gmail.com"
"Hessel","umzq30@gmail.com"
"Carroll","ooib43@gmail.com"
"Dietrich","osqv79@gmail.com"
"Okuneva","pshg30@gmail.com"
"Wiza","qmak39@gmail.com"
"Collins","uqyg88@gmail.com"
"Zulauf","tvwc90@gmail.com"
"Keebler","ptgm29@gmail.com"
"Schowalter","jvxl86@gmail.com"
"D'Amore","uwqo88@gmail.com"
"Harber","ciwz79@gmail.com"
"Veum","yuva36@gmail.com"
"DuBuque","qhkt54@gmail.com"
"Stanton","rjnv50@gmail.com"
"Block","gcsm63@gmail.com"
"Thiel","glsx83@gmail.com"
"Pacocha","qhip71@gmail.com"
"Prohaska","wlof26@gmail.com"
"Wunsch","vuuv18@gmail.com"
"Morar","esuq35@gmail.com"
"Olson","yipc11@gmail.com"
"Walker","kewc85@gmail.com"
"Orn","jtjv82@gmail.com"
"Collins","utsy40@gmail.com"
"Wisozk","zbiq93@gmail.com"
"Tromp","kymx49@gmail.com"
"Kemmer","iwfh39@gmail.com"
"Yundt","ltky71@gmail.com"
"Wuckert","vztn06@gmail.com"
"Reinger","fvch23@gmail.com"
"Wunsch","ilmj87@gmail.com"
"Turner","yzxm92@gmail.com"
"Little","pbux42@gmail.com"
"O'Keefe","xbji03@gmail.com"
"Bednar","uing68@gmail.com"
"Hills","prkv85@gmail.com"
"Hansen","yxii79@gmail.com"
"Lebsack","wrvm89@gmail.com"
"Lemke","ascz32@gmail.com"
"Goyette","ykym30@gmail.com"
"Kub","mslh42@gmail.com"
"O'Keefe","igol06@gmail.com"
"McDermott","xfds43@gmail.com"
"Metz","ylec89@gmail.com"
"Prosacco","beck75@gmail.com"
"Schaefer","mcdn36@gmail.com"
"Gleason","ihya21@gmail.com"
"Keebler","vloy99@gmail.com"
"Gottlieb","ffgk84@gmail.com"
"Wintheiser","lnhz94@gmail.com"
"Ankunding","inmi88@gmail.com"
"Bartell","jynf78@gmail.com"
"Durgan","clqc20@gmail.com"
"Lowe","oqyu62@gmail.com"
"Gleason","napb28@gmail.com"
"Kihn","xqho85@gmail.com"
"Leannon","palk71@gmail.com"
"Haag","vust45@gmail.com"
"Gleason","hqha76@gmail.com"
"Lockman","ohea90@gmail.com"
"Fadel","luvm42@gmail.com"
"Huels","ejms02@gmail.com"
"Reichel","ltnu04@gmail.com"
"Kassulke","hezp50@gmail.com"
"Smitham","jjiu27@gmail.com"
"Stark","uxlb33@gmail.com"
"VonRueden","rrjx29@gmail.com"
"Dicki","lykz99@gmail.com"
"Weimann","auub44@gmail.com"
"Schoen","ocha42@gmail.com"
"Herman","syif32@gmail.com"
"Torphy","zeqx14@gmail.com"
"Mayert","zpuo93@gmail.com"
"Bergnaum","lozr91@gmail.com"
"Wyman","bsti86@gmail.com"
"Abbott","zumh17@gmail.com"
"Lang","mgtg32@gmail.com"
"Denesik","xusq45@gmail.com"
"Torp","zhfd13@gmail.com"
"Lynch","gvbn64@gmail.com"
"Morissette","urpr41@gmail.com"
"Quigley","iiye48@gmail.com"
"Gottlieb","mibc98@gmail.com"
"Hagenes","vnqp74@gmail.com"
"Pollich","vubx83@gmail.com"
"Grimes","nfjh00@gmail.com"
"Deckow","xqim13@gmail.com"
"DuBuque","wjlr97@gmail.com"
"Rolfson","moks23@gmail.com"
"Huel","euic55@gmail.com"
"Haag","hmzl19@gmail.com"
"Gerhold","pfah37@gmail.com"
"Bogisich","ider87@gmail.com"
"Pfeffer","vppo70@gmail.com"
"Wuckert","jagl63@gmail.com"
"Stamm","oacq79@gmail.com"
"Huels","luzo65@gmail.com"
"Frami","mdty97@gmail.com"
"Crist","pkyy23@gmail.com"
"Baumbach","vljw25@gmail.com"
"Jacobson","ytbm74@gmail.com"
"Skiles","wuyr90@gmail.com"
"Mraz","xqfx43@gmail.com"
"Graham","hezv40@gmail.com"
"Fadel","twfa60@gmail.com"
"McDermott","zlrd66@gmail.com"
"Hudson","eahl05@gmail.com"
"Bechtelar","nadq30@gmail.com"
"Smitham","yepg10@gmail.com"
"Crona","mpai76@gmail.com"
"VonRueden","nwbi24@gmail.com"
"Sporer","fchq69@gmail.com"
"Greenfelder","zkbp41@gmail.com"
"Roob","vntw09@gmail.com"
"Rowe","zczx89@gmail.com"
"Schaden","pwlm90@gmail.com"
"Dicki","irpj72@gmail.com"
"Pagac","agum14@gmail.com"
"Rowe","kfsc71@gmail.com"
"Sporer","qzjj24@gmail.com"
"Sporer","ziat26@gmail.com"
"Weber","anaf60@gmail.com"
"Bergnaum","kqob48@gmail.com"
"Abshire","pxyk09@gmail.com"
"Schuppe","vsxh25@gmail.com"
"Goldner","pnth22@gmail.com"
"Dooley","wvwq74@gmail.com"
"Mayert","xcss86@gmail.com"
"Medhurst","raxh86@gmail.com"
"Bins","xqkw18@gmail.com"
"Bins","yhce58@gmail.com"
"Waelchi","uksl46@gmail.com"
"Weissnat","wbnr32@gmail.com"
"White","usmj27@gmail.com"
"Morissette","ltfr39@gmail.com"
"McClure","gbuf86@gmail.com"
"Rau","nlie84@gmail.com"
"Schroeder","zcmd06@gmail.com"
"Batz","rfgr85@gmail.com"
"Bahringer","ebcj38@gmail.com"
"Keebler","xvkh58@gmail.com"
"Cremin","vkhq74@gmail.com"
"D'Amore","oshv22@gmail.com"
"Reichert","kurj25@gmail.com"
"Quitzon","brfo87@gmail.com"
"Nader","apdw44@gmail.com"
"Legros","lvgl82@gmail.com"
"Stokes","jzco38@gmail.com"
"Schiller","asjo31@gmail.com"
"Quigley","fmrt36@gmail.com"
"Torp","azws91@gmail.com"
"Crooks","llnq66@gmail.com"
"King","wjnu13@gmail.com"
"Jaskolski","iyge52@gmail.com"
"Cormier","zxdn84@gmail.com"
"Roob","ofvp16@gmail.com"
"Cronin","oauc74@gmail.com"
"Ebert","ygeq65@gmail.com"
"Schiller","mqfo24@gmail.com"
"Mann","tjoa87@gmail.com"
"Blanda","kvtu76@gmail.com"
"Grady","wibs11@gmail.com"
"Beer","rfqr83@gmail.com"
"Fahey","ouks62@gmail.com"
"Walker","ijtc88@gmail.com"
"Torp","tyfr02@gmail.com"
"Emmerich","wdvk28@gmail.com"
"Carter","ejbx79@gmail.com"
"Lueilwitz","zacr30@gmail.com"
"Kassulke","nosz36@gmail.com"
"Satterfield","aigg51@gmail.com"
"Bailey","tjpj28@gmail.com"
"Padberg","lour61@gmail.com"
"Treutel","pild36@gmail.com"
"Kuhn","xgft97@gmail.com"
"Orn","pojy28@gmail.com"
"Davis","gffa08@gmail.com"
"Von","jioa82@gmail.com"
"Jacobson","ssvj15@gmail.com"
"Fay","odof57@gmail.com"
"Buckridge","aerp11@gmail.com"
"VonRueden","yxmp75@gmail.com"
"Douglas","ngvk12@gmail.com"
"MacGyver","vcdr86@gmail.com"
"Hodkiewicz","rduj79@gmail.com"
"Reichert","bnnh97@gmail.com"
"Thiel","qmzt90@gmail.com"
"Gleason","ymwn13@gmail.com"
"D'Amore","makr36@gmail.com"
"Bartell","oooi70@gmail.com"
"Welch","ejgt58@gmail.com"
"Erdman","vgsw03@gmail.com"
"McClure","yqle48@gmail.com"
"Renner","zjyu82@gmail.com"
"Zulauf","atom37@gmail.com"
"Kerluke","iekx98@gmail.com"
"Kilback","plar89@gmail.com"
"Brown","deyj69@gmail.com"
"Treutel","cxyw81@gmail.com"
"Bartell","tdmi38@gmail.com"
"Ziemann","bbyc66@gmail.com"
"Feil","mkxa64@gmail.com"
"Hills","rofm74@gmail.com"
"Kirlin","fyop90@gmail.com"
"Haley","eogj37@gmail.com"
"Friesen","xlsv99@gmail.com"
"Towne","zleb22@gmail.com"
"Haag","itjs31@gmail.com"
"Hagenes","xomv86@gmail.com"
"Murphy","geww92@gmail.com"
"O'Hara","ifjh16@gmail.com"
"Gislason","avqx02@gmail.com"
"Walsh","vvwr07@gmail.com"
"Murazik","ynbo75@gmail.com"
"Mertz","tzek76@gmail.com"
"Reinger","lmwi62@gmail.com"
"Leannon","styx99@gmail.com"
"Ritchie","apac81@gmail.com"
"Heller","bewc59@gmail.com"
"Russel","ihkt70@gmail.com"
"Barton","prav22@gmail.com"
"Keebler","eaeo03@gmail.com"
"Hand","mpqa51@gmail.com"
"Ernser","vymg66@gmail.com"
"Kutch","owum56@gmail.com"
"Heaney","mfuk71@gmail.com"
"Fay","qhwu56@gmail.com"
"Jast","ryzv99@gmail.com"
"Bayer","ofxd20@gmail.com"
"Harris","uxrc12@gmail.com"
"Schuster","bswu32@gmail.com"
"Morissette","gnmn17@gmail.com"
"Walsh","mhbe52@gmail.com"
"Howell","cnoj57@gmail.com"
"Rippin","otvp92@gmail.com"
"Trantow","tgsn16@gmail.com"
"Wyman","exke06@gmail.com"
"Mohr","qori39@gmail.com"
"Carroll","jigm74@gmail.com"
"Rempel","xrkt89@gmail.com"
"Will","hjfr32@gmail.com"
"Towne","htjb21@gmail.com"
"Wolf","kqzf37@gmail.com"
"Spinka","outu85@gmail.com"
"Schulist","zefm39@gmail.com"
"Predovic","wabs50@gmail.com"
"Cole","kqlw76@gmail.com"
"Hills","gnub67@gmail.com"
"Prohaska","kglg71@gmail.com"
"Hodkiewicz","jvcf45@gmail.com"
"Emmerich","oaqh51@gmail.com"
"Harris","ebxb47@gmail.com"
"Hessel","ggvk67@gmail.com"
"Bernhard","onki76@gmail.com"
"Beer","vbzw07@gmail.com"
"Donnelly","yzey79@gmail.com"
"Beier","enks11@gmail.com"
"Effertz","ozle48@gmail.com"
"Jerde","zccq51@gmail.com"
"Marvin","ozne16@gmail.com"
"Collier","dkfy32@gmail.com"
"Tremblay","ziam00@gmail.com"
"Huels","yyui09@gmail.com"
"Cruickshank","srkg19@gmail.com"
"Hilpert","soza67@gmail.com"
"Borer","bijp96@gmail.com"
"Kozey","fkpk11@gmail.com"
"Ondricka","pcys73@gmail.com"
"Abernathy","tqdv59@gmail.com"
"Stoltenberg","yabj96@gmail.com"
"Davis","vrki22@gmail.com"
"Lehner","thhc45@gmail.com"
"O'Conner","hfvg97@gmail.com"
"Schiller","gnmz36@gmail.com"
"Upton","zdma24@gmail.com"
"Bednar","rqev56@gmail.com"
"Schiller","lmzg61@gmail.com"
"Gislason","kzzp72@gmail.com"
"Rohan","yhbh18@gmail.com"
"Hills","kzii60@gmail.com"
"Johnston","ytdp37@gmail.com"
"Reichel","ghag84@gmail.com"
"Lowe","aijj64@gmail.com"
"Gibson","mbxf53@gmail.com"
"Spencer","kvvf28@gmail.com"
"Bartoletti","enbu77@gmail.com"
"Simonis","glpo16@gmail.com"
"Nolan","ujjb88@gmail.com"
"Fritsch","umbr71@gmail.com"
"Paucek","faly56@gmail.com"
"Hilll","mohv40@gmail.com"
"Powlowski","thps53@gmail.com"
"Corwin","yesd15@gmail.com"
"Hartmann","cesq13@gmail.com"
"Harber","zmkp92@gmail.com"
"Ward","ccvo57@gmail.com"
"Schoen","apgo87@gmail.com"
"Reichert","ouro81@gmail.com"
"Mertz","wcvg78@gmail.com"
"Johnston","ikyc76@gmail.com"
"Senger","fbbb92@gmail.com"
"Greenholt","esrg14@gmail.com"
"McDermott","iety55@gmail.com"
"Boyle","zhgv34@gmail.com"
"Labadie","mivm37@gmail.com"
"Mills","lbeu62@gmail.com"
"Hayes","hrrj08@gmail.com"
"Herzog","lnuk24@gmail.com"
"Haley","nbpb29@gmail.com"
"Runte","denk58@gmail.com"
"Hessel","qjty28@gmail.com"
"Green","zvoc07@gmail.com"
"Aufderhar","huij33@gmail.com"
"Erdman","mvvs35@gmail.com"
"Green","zldz08@gmail.com"
"Lindgren","yvur98@gmail.com"
"Gibson","bvev75@gmail.com"
"Schiller","priu67@gmail.com"
"Abshire","xvoe06@gmail.com"
"Ratke","mnzw07@gmail.com"
"Dietrich","ngbp13@gmail.com"
"Tromp","ovsl48@gmail.com"
"Gleichner","pfzr43@gmail.com"
"Thompson","xxzr77@gmail.com"
"Bergnaum","wrqd29@gmail.com"
"Reinger","vpkr63@gmail.com"
"Langosh","jcfc14@gmail.com"
"Jones","ybno39@gmail.com"
"Williamson","gtgw37@gmail.com"
"Kiehn","ihpu03@gmail.com"
"Hauck","wlbt55@gmail.com"
"Little","pptv16@gmail.com"
"Gottlieb","bati19@gmail.com"
"Swift","knxa28@gmail.com"
"Walsh","nbdo37@gmail.com"
"Walter","lhet75@gmail.com"
"Terry","pwbd18@gmail.com"
"Bernhard","fwze00@gmail.com"
"Welch","zyum20@gmail.com"
"Yost","pwkc38@gmail.com"
"Erdman","cqks95@gmail.com"
"Schuster","gdyp65@gmail.com"
"Hirthe","fkar09@gmail.com"
"Herzog","qnwy16@gmail.com"
"Towne","ubxu24@gmail.com"
"Rau","gvfh66@gmail.com"
"Rempel","lonv74@gmail.com"
"Ratke","ggvy67@gmail.com"
"Doyle","annr53@gmail.com"
"Beatty","ssdr17@gmail.com"
"Rippin","frma85@gmail.com"
"Homenick","keve10@gmail.com"
"Spencer","zlnm56@gmail.com"
"Rodriguez","onmd12@gmail.com"
"Roberts","yxzh50@gmail.com"
"Ullrich","ynfn93@gmail.com"
"Weissnat","nefv07@gmail.com"
"Breitenberg","jghp54@gmail.com"
"Nikolaus","uwef10@gmail.com"
"Powlowski","oxfz63@gmail.com"
"Parisian","yklo17@gmail.com"
"Schaden","kzwf56@gmail.com"
"Feest","jpiq17@gmail.com"
"O'Conner","wtuw67@gmail.com"
"Oberbrunner","wegj58@gmail.com"
"Jacobi","hzfi68@gmail.com"
"O'Hara","xury60@gmail.com"
"Bayer","sbyc70@gmail.com"
"Mann","ttle50@gmail.com"
"Bailey","zktn87@gmail.com"
"Kuhn","jeyv00@gmail.com"
"Bauch","kgrj83@gmail.com"
"Tromp","vamc14@gmail.com"
"Toy","cqlv01@gmail.com"
"Wolf","rtcz42@gmail.com"
"Nitzsche","vsjs57@gmail.com"
"Fritsch","duhj41@gmail.com"
"Konopelski","teot65@gmail.com"
"Maggio","pvep52@gmail.com"
"Nicolas","zzup87@gmail.com"
"Hoeger","famu24@gmail.com"
"Klein","ugbe38@gmail.com"
"Jaskolski","aydm39@gmail.com"
"Fisher","wjzw61@gmail.com"
"Klein","dvsn36@gmail.com"
"Jast","qleo14@gmail.com"
"Simonis","mhad22@gmail.com"
"Weissnat","zwnu73@gmail.com"
"Blanda","viwa33@gmail.com"
"Lowe","nwal58@gmail.com"
"Mueller","xfsl07@gmail.com"
"Ernser","hsyo17@gmail.com"
"Raynor","mebg60@gmail.com"
"Fahey","qrie57@gmail.com"
"Hirthe","kvvx41@gmail.com"
"Cruickshank","xuto69@gmail.com"
"Ruecker","aldp41@gmail.com"
"Kertzmann","ptjr63@gmail.com"
"Raynor","grcr27@gmail.com"
"Herman","bvmd74@gmail.com"
"Heller","bwyq33@gmail.com"
"Ernser","slyz08@gmail.com"
"Lynch","qlzd09@gmail.com"
"Corwin","urjj89@gmail.com"
"Wintheiser","ogdx92@gmail.com"
"Oberbrunner","xrnd37@gmail.com"
"Haley","imix24@gmail.com"
"Kshlerin","vgxm85@gmail.com"
"Wolf","cxck38@gmail.com"
"Hagenes","gvld80@gmail.com"
"Feeney","nion78@gmail.com"
"McCullough","byxz40@gmail.com"
"Donnelly","sskp64@gmail.com"
"Russel","ovdi13@gmail.com"
"Wiegand","rphq76@gmail.com"
"Kertzmann","wayj98@gmail.com"
"Marquardt","towk94@gmail.com"
"Bruen","feim26@gmail.com"
"Rogahn","yjck90@gmail.com"
"Jacobson","gqjn82@gmail.com"
"Marvin","djbs85@gmail.com"
"Olson","jlop56@gmail.com"
"Mayer","virz09@gmail.com"
"Stiedemann","maew55@gmail.com"
"Medhurst","mwab99@gmail.com"
"Denesik","rllt49@gmail.com"
"Ritchie","ouok31@gmail.com"
"Quitzon","ruas86@gmail.com"
